bank,review,rating,date,sentiment,sentiment_score,themes
BOA,I don't have words for your great work.. Really Good .what i like the most is the screenshots features is included which gives you the transactions detail ...Great Work...KEEP IT UP !!??,5,2024-02-03,POSITIVE,0.7604166666666666,['other']
BOA,To slow,1,2024-04-23,NEGATIVE,0.30000000000000004,['performance']
CBE,the most annoying mobile banking app I've ever seen,1,2025-05-20,NEGATIVE,0.15000000000000002,['other']
Dashen,Wow! like his name Super App...,5,2025-04-21,POSITIVE,0.22916666666666666,['other']
BOA,uselss app dont download,1,2024-07-26,NEUTRAL,0.0,['other']
CBE,Constantly crashing after new update,1,2025-02-24,NEUTRAL,0.06818181818181818,['performance']
BOA,UGH 🤮🤮🤮 they are super calculative when it CM 2 Mobile-banking or any online stuff. If ur degital!! better chose other bank.,1,2024-05-08,POSITIVE,0.2986111111111111,['other']
BOA,Abissiniya bank one of the best for giving the future,5,2024-04-12,POSITIVE,0.5,['other']
CBE,Nice 👍 this is app,5,2025-02-23,POSITIVE,0.6,['other']
CBE,Very good thank you,5,2025-03-04,POSITIVE,0.9099999999999999,['other']
CBE,its not fast,1,2025-05-24,NEUTRAL,0.1,['other']
BOA,"This app has become the most troubling every day. It doesn't work. I love the bank, and I hate the app",1,2024-07-31,NEUTRAL,0.06666666666666665,['other']
CBE,It very important app,5,2025-01-24,POSITIVE,0.52,['other']
BOA,"Nice to meet you my proud bank in Ethiopia.. I'm a member of this bank, i need to solve my problem of international receiving money for me from my online digital working service's over the world please? I'm working a lot of international money.But i can't get direct in Ethiopia because of don't knowing the legal ways of getting money in Ethiopia please can I get and direct deposit with BoA please 🙏🙏🙏?",5,2024-10-18,POSITIVE,0.225,['other']
CBE,the app is recently crushing each time you open and try to make transfers...it used to be good. take lessons from the Dashen Super app or ethiotelecom. it is not befitting of your experience and glory. inv3st in making it more friendly and convenient. I am considering leaving CBE for good.,2,2025-05-06,POSITIVE,0.42976190476190484,['transactions']
CBE,Screenshot or slip not working,2,2025-03-22,NEUTRAL,0.0,['other']
BOA,Great app with great services,5,2024-09-19,POSITIVE,0.8,['other']
BOA,My advice for whoever reading is go look for other bank(awash bank is a great example). This bank won't even allow you to access your money when you want. It has bad servers which don't work(respond) on time.,1,2024-05-11,NEUTRAL,0.008333333333333267,['other']
CBE,Now it's crashing like crazy. It doesn't even open after a recent update.,1,2025-02-01,NEGATIVE,0.19999999999999998,['performance']
Dashen,good and latest,5,2025-03-18,POSITIVE,0.6,['other']
BOA,This App is not interest for Android phone Please update it .,1,2025-06-01,NEUTRAL,0.0,['other']
CBE,well designed! Fixing bugs & two step verification with biometric... simply it's great!,5,2025-05-06,POSITIVE,1.0,['ui_ux']
BOA,Has some nice interface but always freezes or slow to load .App developers please fix this issue.,3,2024-10-27,POSITIVE,0.14999999999999997,"['ui_ux', 'performance']"
BOA,BOA Mobile banking is hard to deal with. Very poor app never gets better it keep lagging,1,2024-02-12,NEGATIVE,0.10388888888888892,['other']
BOA,this app doesn't fit the bank,1,2024-02-10,POSITIVE,0.4,['other']
CBE,Ever and never seen this kind of app I proud my CBE,5,2025-03-31,POSITIVE,0.7,['other']
CBE,It have a bug it keeps shut down when I open the app. Without any notification. Please fix the bug.,3,2025-02-22,NEUTRAL,0.07777777777777779,['other']
BOA,"I’m giving this app one star because there are no options below that. My experience has been incredibly frustrating due to the extremely long loading times, and the app even closes automatically at times. People choose mobile banking for its convenience, but this app is far too time-consuming, making it the worst I’ve used. I hope improvements are made to enhance the user experience.",1,2024-12-07,NEGATIVE,0.29500000000000004,['other']
BOA,The best bank,5,2024-04-29,POSITIVE,1.0,['other']
BOA,it's so slow app please fix it,2,2024-04-13,NEGATIVE,0.30000000000000004,['performance']
BOA,Very bad app,2,2024-05-02,NEGATIVE,0.9099999999999998,['other']
CBE,I need support you,5,2025-04-26,NEUTRAL,0.0,['customer_service']
BOA,"Very poor app. It crashes every time, doesn't load properly, and you can't even buy airtime. The programming is subpar. Please take lessons from other online banking apps. I would give it a zero if I could!!",1,2024-05-10,NEGATIVE,0.2384375,['performance']
BOA,"It's a quiet good and smoothly accessible app which allows users to transfer , Airtime Top-up, ATM withdrawal and Utilities payments.",5,2024-02-24,POSITIVE,0.35833333333333334,['transactions']
BOA,Why do u force me to Turn OFF developers option just to use your app its not fair and am not using ur app anymore,1,2024-05-10,NEGATIVE,0.35,['other']
Dashen,dashen bank super up has very fast and convenience and also it has contain more things on one app .I am very interesting to use dashen bank super up,5,2025-04-21,POSITIVE,0.41533333333333333,['other']
Dashen,"Transferring to other bank accounts is a hastle and inconvenient .Get used to seeing "" please try again """,2,2025-05-17,NEGATIVE,0.3625,['transactions']
CBE,Comfortable,5,2025-02-06,POSITIVE,0.4,['other']
Dashen,It looks good and simple to use,5,2025-01-14,POSITIVE,0.35,['other']
Dashen,Really the app looks like amazing. I can't wait to activate in the morning.,5,2025-01-14,POSITIVE,0.4,['other']
BOA,"The version 24.04.26 is not opening on any of my devices. I noticed this issue on my friend's Android 9 phone and also on my Samsung Android 12 phone. Even after weekly updates, the newest version is not working properly. Please provide a stable version update, as I prefer the older version of the app from the new one.",1,2024-05-04,POSITIVE,0.101010101010101,['other']
CBE,1.we can't get mobile Token on CBE App or any other online. This is need to improve 2.internet banking is always say authenticate error after some weeks this is need to improve.,4,2025-03-15,NEGATIVE,0.125,['login_issues']
BOA,It is good,5,2024-05-19,POSITIVE,0.7,['other']
Dashen,Small size with vast features and functionalities.,5,2025-01-15,NEGATIVE,0.125,['other']
BOA,I am having a challenge to use the app. The app does not allow to update the previous app. Neither does it allow to manually insert OTP - BoA please modify the app to allow these features,3,2024-02-06,NEGATIVE,0.16666666666666666,['other']
BOA,"I've never seen a very worst mobile banking system like this, i lost 37000 birr because of your delay transaction system, i called 8397 and they told me stay for confirmation but, after i changed my mind and waiting for confirmation call to cancel the process they sent it with out my approval, so please don't use the mobile banking system please",1,2024-04-23,NEGATIVE,1.0,['transactions']
BOA,Very very bad app,1,2024-04-21,NEGATIVE,0.9099999999999998,['other']
CBE,Fantastic app! I appreciate it very much,5,2025-03-27,POSITIVE,0.38,['other']
CBE,Best app I loved it,5,2025-05-18,POSITIVE,0.85,['other']
CBE,"this app is very useful app,it saves time,and it is secure",4,2025-05-21,POSITIVE,0.395,['other']
CBE,Really! this app is more simple to use at any time in every where also it's transaction quality between the users within the transaction receipt as abank that means this app is our bank on hand in mobile frankly I proud on this bank digital. I have no word to wrote ...... but it's have weakness on poor connection.,5,2025-03-31,POSITIVE,0.19166666666666665,['other']
BOA,It's the best,5,2024-04-24,POSITIVE,1.0,['other']
CBE,The way its menu arranged to use is easy to use.,5,2025-02-17,POSITIVE,0.43333333333333335,['other']
CBE,This app don't have self activation only you have to look near cbe branch that's disgusting,1,2025-05-10,NEGATIVE,0.3,['other']
CBE,"Am sorry but what does developer mode do to the application ? hack it ? are you sure you are developer or are you stupid, doesnt makes sense,",1,2025-05-08,NEGATIVE,0.26666666666666666,['other']
CBE,App is crushing recently. Please update.,4,2025-03-20,POSITIVE,0.2,['other']
BOA,Always there a problem with this app it says check your connection while connected 😞,1,2024-03-09,NEUTRAL,0.0,['other']
Dashen,"This super app is a total game-changer—fast, reliable, and packed with everything I need in one place. It’s seamless and super convenient. Love it!""",5,2025-04-23,POSITIVE,0.2783333333333333,['other']
BOA,"It can't actively on initialization, it says incorrect OTP getting the exact OTP",1,2025-03-29,NEUTRAL,0.058333333333333334,['other']
BOA,"Was working fine for 2 days then Error the request was not successful please check your connectivity or try again my connection works perfectly i reinstalled the app called support multiple times all of them said it's a system problem be patient it has been a week since then, called again they even dared to say the problem is your phone restart it which i did but still the same other banking apps work perfectly but this my experience with this app, horrible the whole system is bad",1,2024-02-14,NEUTRAL,0.041666666666666685,['customer_service']
Dashen,one of the best digital platforms I’ve used! From smooth transactions to a seamless shopping experie,5,2025-04-21,POSITIVE,0.375,['other']
Dashen,wow to it saff and this app,5,2025-05-30,NEUTRAL,0.1,['other']
BOA,"Is this app fake i try it not working it say please try again later, unable to make transactions what is the purpose of this app . If it is not working delete it",1,2024-07-25,NEGATIVE,0.3333333333333333,['other']
CBE,Best of the best application for ever,5,2025-02-16,POSITIVE,1.0,['other']
Dashen,This is what we call banking app. As professional I want banking app as simple as this and an app rich of features that align with my lifestyle.,5,2025-04-21,POSITIVE,0.15833333333333333,['other']
BOA,I prefer the earlier version. This updated app crushes during login and says there is bug. Please fix the bug issue.,4,2024-05-03,NEUTRAL,0.0,['login_issues']
CBE,goods app!! pleace update this apps??,4,2025-03-27,NEUTRAL,0.0,['other']
BOA,When I try to use the application it says 'developer setting should be off' where is the setting to off this play Still doesn't work for me,3,2024-07-24,NEUTRAL,0.0,['other']
Dashen,Excellent banking app for all your needs! Who needs a physical branch when you can use Dashen Bank Super App Instead! I've never had an issue with anything that Dashen Bank Super App haven't handled swiftly and resolved to my satisfaction and above I don't often write reviews but this is an app/bank that I would highly recommended to everyone 💯 👌👍,5,2025-01-22,POSITIVE,0.3183333333333333,['other']
CBE,"the app is very good, but why screenshots is impossible?",5,2025-03-31,POSITIVE,0.12166666666666665,['other']
BOA,This app doesn't work,1,2024-06-30,NEUTRAL,0.0,['other']
CBE,Cbe,5,2025-02-03,NEUTRAL,0.0,['other']
CBE,The sum is good.,3,2025-03-30,POSITIVE,0.7,['other']
CBE,the app has a bug and it keeps crashing 😑 please provide an update and fix the issue thank you....,3,2025-03-17,NEUTRAL,0.0,['performance']
CBE,Good and easy to use,5,2025-03-31,POSITIVE,0.5666666666666667,['other']
BOA,"I'm sorry but what kind of stupid developer thinks the app will be faster if we disable ""Developer mode""? I've never seen such degeneracy in my entire life, please get rid of this feature",1,2024-05-29,NEGATIVE,0.13999999999999999,['other']
BOA,It is always crushing it loged me out all the time,1,2024-04-28,POSITIVE,0.4,['other']
BOA,"This new update really sucks.. Can't even get the chance to put my pin, bugs and everything,please fix it developer",1,2024-04-29,NEUTRAL,0.08181818181818182,['other']
Dashen,Amazing app to use as usual! But why option of transferring to Telebirr and M pesa which was available on Amole app is omitted?? Dasheen is my favourite keep it up.,4,2025-01-20,POSITIVE,0.2291666666666667,['transactions']
CBE,the best mobile banking app,5,2025-05-21,POSITIVE,1.0,['other']
BOA,Bad app,1,2024-04-29,NEGATIVE,0.6999999999999998,['other']
CBE,some times it is difficult to get reciepts for the payment made,1,2025-03-23,NEGATIVE,0.5,['transactions']
CBE,without any reason it shows white screen and can't make transfers. Then when I went to branch then they reply go to the branch where you open your account.,1,2025-02-01,NEUTRAL,0.0,['transactions']
BOA,it doesnt work it crashes,1,2024-05-03,NEUTRAL,0.0,['performance']
BOA,It has been a while since you guys started giving the mobile app service but still couldn't get it to work. I'm sure you know that it doesn't work already but not sure if you're lazy or incompetent to fix it. You are losing business because of this. Complacency will have consequences.,1,2024-12-10,NEUTRAL,0.0875,['other']
BOA,A painfully slow banking app service. Please don't make it your choice!,1,2024-10-13,NEGATIVE,0.37500000000000006,['performance']
BOA,The worst App i have never seen like this before,1,2024-11-12,NEGATIVE,1.0,['other']
BOA,"From now on I will never going to use this app,It is a trash app.No one care about this app from bank I will rate them 0/5.",1,2024-07-06,NEUTRAL,0.0,['other']
BOA,Worst application I ever used,1,2024-02-23,NEGATIVE,1.0,['other']
BOA,wow its so attractive,5,2024-04-09,POSITIVE,0.45,['other']
BOA,always problematic hardly works,1,2025-03-26,NEGATIVE,0.2916666666666667,['other']
BOA,Just use other banks if you want a good mobile app. CBE is 40X faster and safe than this app.,1,2024-03-23,POSITIVE,0.35833333333333334,['other']
CBE,"Funds transferred from the same bank do not reflect in the account, even though a confirmation text message was received.",3,2025-05-11,NEUTRAL,0.0,['transactions']
BOA,I think I remember it worked once upon time...,2,2024-05-02,NEUTRAL,0.0,['other']
BOA,Great,5,2024-11-25,POSITIVE,0.8,['other']
CBE,"After the last two update, I am facing the worst experience with this app.",1,2025-02-02,NEGATIVE,0.5,['other']
BOA,"Some problem this app,",1,2024-04-20,NEUTRAL,0.0,['other']
BOA,"I don't know what is wrong with BOA as a bank in general. It's been going backwards since last year or so. The app is a disaster to use in every possible way. Not stable to log in and very slow to perform transactions, couldn't take a screenshot (or can't even find the pictures even using its save screenshot option). Most of the time, it fails to perform transactions and so on. Simply, it's the worst!",1,2024-08-03,NEGATIVE,0.20444444444444446,['performance']
CBE,"Its not bad, but there are plenty of errors .",2,2025-02-17,POSITIVE,0.3499999999999999,['other']
CBE,"It lags before showing the transaction and you have to use the one in the sms message , why doesn't it work on the app it just says loading",1,2025-02-18,NEUTRAL,0.0,['other']
CBE,how to I get my money,5,2025-05-22,NEUTRAL,0.0,['other']
BOA,"I love BoA more than anyone but they are cursed when it comed to mobile banking. Even though this ine is hetter it still s*cks! It will ask me to turn off developer options other wise it won't work! I use CBE, Awash birr, tekebirr, Dashen bank and others but non of them asked me this, why only BoA? Please improve your mobile banking, be competitive!",1,2024-12-19,POSITIVE,0.375,['other']
CBE,Very best app,5,2025-02-22,POSITIVE,1.0,['other']
BOA,Excited by your service,5,2024-06-02,POSITIVE,0.375,['other']
BOA,best app from any mobilebanking,5,2024-05-04,POSITIVE,1.0,['other']
Dashen,"Proudly made in Ethiopia, this innovation delivers more than promised. The marketplace is a major boost for local commerce",5,2025-04-21,POSITIVE,0.340625,['other']
CBE,It is good,5,2025-02-02,POSITIVE,0.7,['other']
Dashen,It keep my time to pay my bills and I generate my satment easily,5,2025-04-21,POSITIVE,0.43333333333333335,['other']
BOA,"The most useless app, I never expected such an irrelevant app from BOA. big shame!",1,2024-11-04,NEUTRAL,0.075,['other']
Dashen,"#dashen super app is easy to use, secure & fast transaction😍",5,2025-04-22,POSITIVE,0.3416666666666666,['other']
Dashen,Assefa Genetu = Dashen superup is the latest and inclussive .I am happy with this super up.,5,2025-04-22,POSITIVE,0.5444444444444444,['other']
BOA,"Developers/ the company takes too long to update the app, and throughout that process, the app is basically useless. We can't send money or even be able to check our account. They even take it down from the Play Store for a while. This whole process usually takes them 3 to 5 days. This is very disappointing. It is an improvement from the previous version of the app, but they still have a long way to go to compete with the likes of CBE. Transferring to other banks sometimes doesn't work.",2,2024-05-03,NEGATIVE,0.13772222222222225,['transactions']
BOA,This application is losing major factions on a daily basis. I can count how many times I have used this app; it is completely useless and disappointing if I am not going to use it in times of need then I don't see the point.,1,2024-11-28,NEGATIVE,0.1075,['other']
CBE,i can't take screenshot,1,2025-04-18,NEUTRAL,0.0,['other']
CBE,the most useful,5,2025-04-01,POSITIVE,0.4,['other']
CBE,CBE app is great,5,2025-03-20,POSITIVE,0.8,['other']
Dashen,Amizing Application 😍,5,2025-01-22,NEUTRAL,0.0,['other']
CBE,it's very good,5,2025-03-23,POSITIVE,0.9099999999999999,['other']
BOA,"Worst App it ain't allowing yo activate not even in the nearest branch are able to activate it. I have been client of the bank for 10years. What is this BoA? As we know it being a leading in simplifying banking service this App needs to be fixed. Then we will give it better rate,",1,2024-02-13,NEUTRAL,0.024999999999999994,['other']
BOA,Preventing login because I have developer options on is not security. Moved all my money somewhere else because I just didn't wanna deal with it,1,2024-05-11,NEUTRAL,0.0,['login_issues']
BOA,Fast and suitable for the customers.,5,2025-01-04,POSITIVE,0.375,['other']
CBE,It keeps asking for an update recursively since the last update. What is going on??,2,2025-01-25,NEUTRAL,0.0,['other']
CBE,Solve unwanted time and the time to losses cbe office,5,2025-02-21,NEUTRAL,0.0,['other']
CBE,there are to many bugs app keeps crashi ng and the update file seems to keep getting worse,2,2025-03-24,NEUTRAL,0.04999999999999999,['other']
BOA,Very unprofessional and mischievous bank in my opinion. I have had several occasions but recently I used Abyssinia Card to withdraw money and it was deducted from my account but despite reporting several times they said they are processing it but I learned yesterday that since it has been 3 months the bank has decided to include it in their income. How absurd. If you can avoid this bank.,1,2024-12-06,NEUTRAL,0.06,['other']
BOA,"Worest app, it cannot be downloaded",2,2024-06-05,NEUTRAL,0.0,['other']
Dashen,Better and inclusive app!,5,2025-04-21,POSITIVE,0.625,['other']
BOA,Perfect,5,2025-01-09,POSITIVE,1.0,['other']
CBE,fast and simple easy to use 👌,5,2025-05-12,POSITIVE,0.2111111111111111,['other']
CBE,Easy to Use and Effecent System.,5,2025-02-28,POSITIVE,0.43333333333333335,['other']
CBE,The worst I had to flight back to fix my app it need you to go back every 4 month not reliable for foreigners,1,2025-01-31,NEGATIVE,0.3333333333333333,['other']
BOA,OTP should be inserted manually. not working on my phone,2,2024-04-02,NEUTRAL,0.0,['other']
BOA,I couldn't transfer because of bug's its annoying for a bank app nots acceptable,1,2024-03-15,NEGATIVE,0.8,['transactions']
Dashen,great app,5,2025-04-30,POSITIVE,0.8,['other']
BOA,"The app does not work well from abroad, there have been continuous upgrades and updates that are very interruptive and non-responsive. Staff do not have the technical capabilities to support whereas the support number and online support are never available.",1,2024-02-12,NEUTRAL,0.0,['customer_service']
CBE,accessible to using,5,2025-05-23,POSITIVE,0.375,['other']
BOA,Cool,4,2024-05-22,POSITIVE,0.35,['other']
Dashen,very comfortable app keep it,5,2025-04-21,POSITIVE,0.52,['other']
BOA,"Shockingly bad! Even when it decides to work, it's painfully slow and frustrating. Such a shame that it has become a stain on an extraordinary bank",1,2024-09-06,NEGATIVE,0.2483333333333333,['performance']
BOA,there is no speed,1,2025-03-19,NEUTRAL,0.0,['other']
BOA,It doesn't work at all.,2,2025-01-02,NEUTRAL,0.0,['other']
BOA,Crashes very frequently is not stable overall need improvement such a huge bank needs a better app than the current one,1,2024-07-19,POSITIVE,0.1391666666666667,['performance']
BOA,After the recent update the application keeps crashing when I tried to open. Please fix.,1,2024-03-01,NEUTRAL,0.0,['performance']
Dashen,"Smooth and secure experience transfers, bill payments, and tracking expenses are all effortless. The intuitive design makes banking on the go.",5,2025-04-24,POSITIVE,0.4,"['ui_ux', 'transactions']"
BOA,this is worest app 24/7 loading,1,2025-06-01,NEUTRAL,0.0,['other']
BOA,Good app,5,2025-03-03,POSITIVE,0.7,['other']
BOA,The app keeps crashing it stops responding while I'm using it or trying to open the app. Now I have to go to the bank in person to do any banking activities. In short it is the worst mobile banking system in Ethiopia,1,2024-07-11,NEGATIVE,0.3333333333333333,['performance']
BOA,worst banking app i have ever used. Try to modify it,2,2024-03-19,NEGATIVE,1.0,['other']
Dashen,"dashen bank supper app is the most easy to use and have high speed,quality and I like features like chat,budget,fuel payment, and security for my opinion this product is techonolgy edge,this international standard thanks for product oweners (dashen bank)",3,2025-04-21,POSITIVE,0.21555555555555553,['transactions']
BOA,"the app used to run fine, but now it takes like forever to even open the main dashboard and sometimes it just crashes on its own. you guys gotta step it up. we need this app to be way faster",1,2024-06-27,POSITIVE,0.29583333333333334,['performance']
CBE,I'm lucky to have this🙏 thank you CBE.,5,2025-04-01,POSITIVE,0.3333333333333333,['other']
BOA,Verry Amazing App from all IB,5,2025-03-01,POSITIVE,0.6000000000000001,['other']
BOA,After recent update the app keeps asking to disable developers options and won't let you use it unless you do.,2,2024-05-10,NEUTRAL,0.0,['other']
BOA,i find it interesting specially in reciept downloading,1,2024-11-12,POSITIVE,0.4285714285714286,['other']
BOA,boa of mobile backing,5,2025-04-09,NEUTRAL,0.0,['other']
BOA,I think this one is better than the prvious one much faster but try to make it more faster like nib and cbe specially nib bake their app is very nice but the bank is not anyways good job on this one,5,2024-02-04,POSITIVE,0.5061904761904762,['other']
BOA,Not working on this days,1,2025-02-26,NEUTRAL,0.0,['other']
BOA,Great service,5,2024-11-12,POSITIVE,0.8,['other']
BOA,the new updated app exception handling for connection fluctuations is so exhausting which lead users to login repeated times.,1,2024-04-20,NEGATIVE,0.13181818181818183,['login_issues']
BOA,it doesn't work period z slowest mobile banking ever i would rather use *815#,1,2025-03-31,NEUTRAL,0.0,['performance']
Dashen,"It's great! But it will be advanced if you include a caption that allow customers to transfer to Telebirr account. Dashen Bank, ""ኩሉ ግዜ፡ ሓደ ስጕሚ ቀዳሚ።"" (Always one step ahead!)",4,2025-01-15,POSITIVE,0.75,['transactions']
BOA,Very laggy un able to make transactions Fix it,1,2024-05-10,POSITIVE,0.35,['other']
BOA,"Installed the latest version of this app on my Android 14 device, but it is not working. I have already received the activation key from your branch (via SMS), but couldn't activate it. It is a failed app. I bet you don't have QA testers.",1,2024-04-24,NEUTRAL,0.0,['other']
BOA,"worst app and Bank ever u be ashamed, scammer",1,2025-03-24,NEGATIVE,1.0,['other']
BOA,"The updated version of this app is just time wasting. It doesn't work with 2G/3G network.require log in frequently,not fast as much as possible.automatic log out are the bad features of this app",1,2024-04-13,NEUTRAL,0.09999999999999994,['other']
CBE,It's easy and user friendly!,5,2025-01-29,POSITIVE,0.4510416666666667,['other']
BOA,"This is not functional at all, it takes forever to make a transaction,please improve it.",1,2024-04-24,NEUTRAL,0.0,['other']
CBE,no screenshot and biometrics on this version wtfk?,3,2025-03-21,NEUTRAL,0.0,['other']
CBE,The great app CBE,5,2025-03-09,POSITIVE,0.8,['other']
CBE,Good app,5,2025-05-15,POSITIVE,0.7,['other']
BOA,Very bad app as always bothering any transaction processes.,1,2024-05-03,NEGATIVE,0.9099999999999998,['other']
BOA,"I have a fitayah account, a type of interest free account, and because their system is unable to process anything for people like me I can't see any of my accounts in the account list on any transaction, although I can see it when performing security actions or checking my balance, as such this app is as useless to me as the previous one. Unbelievable",1,2024-02-18,NEGATIVE,0.16944444444444443,['other']
Dashen,Its good app than other compitators but it confuse when we transfer it needs OTP and PIN most user inter their pin instead of OTP we know the litrecy level of our society so if it is device based i dont know the needs of OTP so please try to fix,3,2025-05-18,POSITIVE,0.35833333333333334,['transactions']
CBE,"The CBE app has been highly unreliable in recent weeks. It frequently fails to work properly on both Ethio Telecom and Safaricom networks, whether using Wi-Fi or mobile data. This week, the system was down entirely for extended periods, making it very difficult to access banking services. The app only functions intermittently, and the lack of consistency is frustrating. I hope the issues are addressed soon, and that any non-technical influences are removed from such essential services.",2,2025-05-25,NEGATIVE,0.1405050505050505,['other']
CBE,"my first frequent experience of cbe app is critical-time failure such as suspending payment on air for 2-5 days with zero explanation, deducting from sender account without depositing to the receiver act. Another fatal error by the banking company as a whole (not the app itself though) is forced-banking with corporations without consent of employers-users of the corresponding corporations",2,2025-04-21,NEUTRAL,0.046666666666666655,['transactions']
CBE,Best and ease to use,5,2025-01-24,POSITIVE,1.0,['other']
BOA,To get good quality,5,2024-07-27,POSITIVE,0.7,['other']
CBE,thank you very much and we are very very happy with your service🥰,5,2025-01-24,POSITIVE,0.63,['other']
BOA,Best app but after the update the screenshot not working,4,2024-02-19,POSITIVE,1.0,['other']
CBE,Thankz,5,2025-03-02,NEUTRAL,0.0,['other']
BOA,Simplify your life by using the Abyssinia app I like it because it is comfortable and safe,5,2024-04-11,POSITIVE,0.45,['other']
BOA,it keeps crashing,1,2024-04-29,NEUTRAL,0.0,['performance']
CBE,It is best app,5,2025-02-13,POSITIVE,1.0,['other']
BOA,I was using this app for long time it amazing user friendly UI but the i can't found for get pin button in the app,3,2025-01-07,POSITIVE,0.30833333333333335,['other']
Dashen,Naiycapp,5,2025-03-13,NEUTRAL,0.0,['other']
Dashen,good app,5,2025-03-04,POSITIVE,0.7,['other']
CBE,Most effective so far.,5,2025-02-20,POSITIVE,0.4000000000000001,['other']
CBE,Very best and fast money transferring app,5,2025-02-22,POSITIVE,0.6,['transactions']
Dashen,its my choice,5,2025-05-15,NEUTRAL,0.0,['other']
CBE,I gave it 5🌟 BC this app deserves. Thank you for your services. Appreciated.,5,2025-02-19,POSITIVE,0.2,['other']
BOA,Not bad but please make it lite pls,1,2024-04-23,POSITIVE,0.3499999999999999,['other']
Dashen,"The user experience is seamless, and everything just works perfectly right out of the box. I can’t believe how much time and effort it saves me every day.",5,2025-04-21,POSITIVE,0.1952380952380952,['other']
CBE,it's very low quality application,1,2025-05-04,NEUTRAL,0.0,['other']
Dashen,Wow Excellent app,5,2025-03-08,POSITIVE,0.55,['other']
Dashen,A fantastic product!! keep the good work.,5,2025-04-21,POSITIVE,0.6625,['other']
Dashen,The best App of all,5,2025-03-17,POSITIVE,1.0,['other']
CBE,It is Good application,4,2025-02-22,POSITIVE,0.7,['other']
BOA,The poorest mobile banking I have seen in the industry. Is not stable to login and post transactions. Is not attractive. Error reports frequently.,5,2024-06-13,NEGATIVE,0.15000000000000002,['login_issues']
CBE,"slow, only one account is used",2,2025-04-19,NEGATIVE,0.15000000000000002,['performance']
Dashen,"A proudly Ethiopian innovation that delivers beyond expectations. The marketplace feature is a big win for local shoppers and sellers. Very impressed with the new updates, The e-commerce section is smooth and supports Ethiopian merchants!",5,2025-04-21,POSITIVE,0.4623376623376623,['customer_service']
BOA,Is it necessary to switch off developer options every time to use mobile banking?🤔🤔😡😡😡,1,2024-08-04,NEUTRAL,0.0,['other']
Dashen,"I have an incredible experience with Dashen super app, what an amazing platform is it?. keep pioneering in technological advancement 👏👏👏",5,2025-04-21,POSITIVE,0.6111111111111112,['other']
CBE,CBE birr app is my best choice.,5,2025-03-12,POSITIVE,1.0,['other']
Dashen,I am so thankful for having this best app Dashen one step ahead,5,2025-02-04,POSITIVE,1.0,['other']
BOA,"why do we need to turn off ""developer options"" in order to use your app, on the new update??? Are we suppose to not use our device for other purposes just so we can use your app? It is not security it is BS. (fix that and I will update my rating)",1,2024-05-01,NEUTRAL,0.005681818181818177,['other']
BOA,By assessing this you can tell Abyssinia bank has no idea what mobile banking is ?,1,2025-01-02,NEUTRAL,0.0,['other']
CBE,It literarily don't work at all,4,2025-04-01,NEUTRAL,0.1,['other']
CBE,this app is best,1,2025-03-23,POSITIVE,1.0,['other']
BOA,Disgrace app,1,2024-05-08,NEUTRAL,0.0,['other']
BOA,"I tried it with different phones, it only worked for about a week and then it stopped working. It needs some serious work.",1,2024-04-25,NEGATIVE,0.1111111111111111,['other']
BOA,Loved it,5,2025-03-14,POSITIVE,0.7,['other']
BOA,"Absolutely the worst mobile banking app.it crashs every time,problem when logging in and and cuts my balance when top up without even recharging",1,2024-05-17,NEGATIVE,0.10000000000000002,['performance']
BOA,How disappointing!,1,2024-05-25,NEGATIVE,0.75,['other']
Dashen,"It's an amazing app that is up-to-date with the times, wow wow",5,2025-04-21,POSITIVE,0.26666666666666666,['other']
BOA,Thes is nise app,5,2024-02-19,NEUTRAL,0.0,['other']
Dashen,The first 3 star review is me,3,2025-01-25,POSITIVE,0.25,['other']
Dashen,Massive upgrade from the Amole app.,5,2025-05-31,NEUTRAL,0.0,['other']
Dashen,Well developed,5,2025-01-14,NEUTRAL,0.1,['other']
BOA,"Why the app doesn't allow to update the previous version. In addition to this, when I install the new version and try to activate, the app doesn't allow to write the activation OTP code to the screen. I have received the OTP password from telegram and email. Would you please fix this bug. Thank you",1,2024-02-03,NEUTRAL,0.015151515151515152,['login_issues']
CBE,Updating the app is must everytime they release it even to reload the transaction.,2,2025-01-29,NEUTRAL,0.0,['other']
CBE,this app is my favorite application,5,2025-03-22,POSITIVE,0.5,['other']
Dashen,Great!,5,2025-01-15,POSITIVE,1.0,['other']
BOA,Overrated service and recently glitching service system not being able to withdraw funds.,1,2024-02-26,POSITIVE,0.25,['other']
Dashen,The new e-commerce feature is incredibly amazing and user friendly.,5,2025-04-21,POSITIVE,0.3704545454545454,['other']
BOA,I can't update the enable button not open.,1,2024-04-24,NEUTRAL,0.0,['other']
CBE,cbe,5,2025-03-24,NEUTRAL,0.0,['other']
BOA,It is ok,5,2024-09-01,POSITIVE,0.5,['other']
BOA,Don't trust this bank and its service.,1,2024-08-16,NEUTRAL,0.0,['other']
Dashen,Amazing Application,5,2025-04-21,POSITIVE,0.6000000000000001,['other']
CBE,it is good app but when I make inter bank transaction It can't display The receiver account number and name of receiver and also receiver bank,4,2025-03-19,POSITIVE,0.7,['other']
Dashen,it is not as good as to the other mobile bank app.,1,2025-05-22,POSITIVE,0.2875,['other']
Dashen,Super Easy To Use and Fast Transaction.,5,2025-04-21,POSITIVE,0.3222222222222222,['other']
CBE,always disappointing ! especially the iOS one !! some similar local applications are extremely superior to this application!! Really disappointing!,1,2025-05-17,NEUTRAL,0.08333333333333333,['other']
BOA,It doesn't work anymore,1,2024-05-01,NEUTRAL,0.0,['other']
CBE,Since last week this app has started not working. It simply log in without network but can't sync. Please fix it.,5,2025-03-21,NEUTRAL,0.0,['other']
BOA,Infinx,5,2024-11-12,NEUTRAL,0.0,['other']
Dashen,wallahi very fantastic Bank,5,2025-03-31,POSITIVE,0.52,['other']
Dashen,Applause 👏 Dashen Bank. One of the best super app inorder to pay easily and securely. One step a head.,5,2025-01-14,POSITIVE,0.5416666666666666,['other']
BOA,It's a useless app,1,2024-08-02,NEGATIVE,0.5,['other']
Dashen,This app is not working unless you turn off developer mode on your phone. So it takes your rights to just use it.,2,2025-04-04,NEUTRAL,0.0,['other']
BOA,"Easy and sooo simple to use it, also its easy to stole someones money using the app",3,2024-12-16,POSITIVE,0.2888888888888889,['other']
CBE,okay 👍 but sometimes busy,1,2025-05-03,POSITIVE,0.3,['other']
BOA,"I don't know why every time you come up with a new update the app get worst than the oldest, it is taking more time to load, can load money to telebirr, can't pay awach. Please try to fix it.",1,2024-05-02,NEGATIVE,0.12121212121212122,['other']
CBE,the best app,5,2025-04-16,POSITIVE,1.0,['other']
Dashen,One star deducted for not to able to transfer to telebirr.,4,2025-02-13,POSITIVE,0.5,['transactions']
CBE,"trasaction history needs to be more,",2,2025-01-27,POSITIVE,0.5,['other']
CBE,as if the update of march 19 i can't take a screenshot in the app. i can just save it as file and that is so annoying. i used to save all screenshot in my gallery in one folder now with the extra steps added i have to save the file go to file and then screenshot it. the solution is to allow the screenshot to be save in to gallery automatically. i wish you give this review attention and resolve the issue shortly.,2,2025-03-19,NEGATIVE,0.26666666666666666,['other']
CBE,The app crashes too many times. It's a buggy app,1,2025-03-03,POSITIVE,0.5,['performance']
BOA,The best beautiful app,5,2024-05-01,POSITIVE,0.925,['other']
CBE,Very nice app,5,2025-01-31,POSITIVE,0.78,['other']
Dashen,"Yea , it's a good idea to make it with the bank name, it will help for the bank easily to find the application, and customers can easily downloed and use the product. I wish all the best for Dashen bank initiative.",5,2025-01-15,POSITIVE,0.6416666666666666,['customer_service']
BOA,Boring,1,2024-02-14,NEGATIVE,1.0,['other']
Dashen,why does it ask me for both pin and opt even the opt is touch let alone both,2,2025-04-02,NEUTRAL,0.0,['other']
BOA,The best bank with the worst application and ussd service.,1,2024-04-30,NEUTRAL,0.0,['other']
BOA,The worst banking app ever. Never works!,1,2024-12-14,NEGATIVE,1.0,['other']
CBE,very interesting app i am using every day fantastic,5,2025-04-14,POSITIVE,0.525,['other']
CBE,Simple good app,4,2025-02-02,POSITIVE,0.35,['other']
BOA,Yes active user,5,2024-09-17,NEGATIVE,0.13333333333333333,['other']
CBE,Doesn't work properly. It crashes some many times. commercial bank of Ethiopia not only the application but also sending money to own CBE birr doesn't get your money in your bank account. forcefully you must wait 3-5 days to get your money back to your account. walk up CBE the world is going to decentralized finance.,1,2025-03-26,POSITIVE,0.18333333333333335,"['performance', 'transactions']"
CBE,why removing screenshot feature why?,1,2025-04-18,NEUTRAL,0.0,['other']
BOA,Great app..,3,2024-05-18,POSITIVE,0.8,['other']
BOA,It crushes repeatedly,1,2024-05-03,NEUTRAL,0.0,['other']
CBE,#CBE is Now going to on the right Pathway/track/!! Thank you CBE one step ahead on payment platform app!!,5,2025-04-01,POSITIVE,0.6975446428571428,['transactions']
CBE,This app is so incredible,5,2025-02-01,POSITIVE,0.9,['other']
Dashen,Perfect,5,2025-02-02,POSITIVE,1.0,['other']
Dashen,it is good but some times says duplicate transaction why?,5,2025-05-24,POSITIVE,0.7,['other']
BOA,It is better than before and i like it,5,2024-02-22,POSITIVE,0.5,['other']
Dashen,So far so good! their in person customer service is amazing 👏,5,2025-04-14,POSITIVE,0.525,['other']
Dashen,"Truly, db => AlwaysOneStepAhead !!",5,2025-01-14,NEUTRAL,0.0,['other']
CBE,why you change default network?,5,2025-05-23,NEUTRAL,0.0,['other']
CBE,am happy thank you CBE🫡,5,2025-03-30,POSITIVE,0.8,['other']
BOA,Nice one thanks abisiniya,5,2024-05-03,POSITIVE,0.4,['other']
BOA,It crash repeatedly! Try to make it more stable for customers need meet!,2,2024-05-07,POSITIVE,0.625,['performance']
BOA,Allowed,5,2024-07-23,NEUTRAL,0.0,['other']
Dashen,"one of the best digital platforms I've used! from smooth transactions to a seamless shopping experience, highly recommended.",5,2025-04-21,POSITIVE,0.33199999999999996,['other']
CBE,couldnt update the app,1,2025-02-22,NEUTRAL,0.0,['other']
CBE,"This application fast, secure and more convenient. Thanks CBE",5,2025-03-31,POSITIVE,0.325,['other']
CBE,this is the simplest bookeeping system or method. I like it .,5,2025-02-19,NEUTRAL,0.0,['other']
Dashen,Very good app that like it too. B/c it is very fast and easy to use.,5,2025-03-26,POSITIVE,0.5344444444444444,['other']
BOA,Its good,5,2024-04-13,POSITIVE,0.7,['other']
BOA,Nice looking app but a terrible user experience.,1,2024-09-03,NEGATIVE,0.2,['other']
CBE,"the ""developer mode"" need to be fixed, it sucks",2,2025-01-25,NEUTRAL,0.09999999999999999,['other']
CBE,it is reliable and easy to use.,5,2025-05-20,POSITIVE,0.43333333333333335,['other']
CBE,cbe very active Bank I'm using CBE app very very satisfaction,5,2025-04-03,NEUTRAL,0.043333333333333335,['other']
BOA,Build a new app,1,2024-05-13,POSITIVE,0.13636363636363635,['other']
Dashen,excellent game changer App,5,2025-05-08,POSITIVE,0.3,['other']
Dashen,this app is the most simply to use and secure safe i love it to use for any bank transaction,5,2025-04-21,POSITIVE,0.38,['other']
BOA,"It was working fine a couple of days ago, in the utilities section of payment it only provides a few services but that is OK for now but my issue is it has started crashing down these past 2 days",2,2024-04-21,NEUTRAL,0.05185185185185185,"['performance', 'transactions']"
BOA,Good appp,1,2024-05-11,POSITIVE,0.7,['other']
Dashen,this app better than Amole . but the biometric on new update doesn't work,4,2025-05-31,POSITIVE,0.3181818181818182,['other']
BOA,Bast bank of ethiopia,5,2024-11-12,NEUTRAL,0.0,['other']
BOA,You should include manual OTP input!,1,2024-02-13,NEUTRAL,0.0,['other']
CBE,Two step verification update is fake (meaningless). Why because the app gives you an option of to use pin while requesting two step verification step. 🔐 This updated app is not differ than the previous one in case of security & safegaurding users.👹👹💀💀 The other features of the app are best and easy to use it.⭐️⭐️⭐️⭐️⭐️,1,2025-03-06,NEUTRAL,0.0236111111111111,['other']
Dashen,Dashen bank is my number one choice,5,2025-04-22,NEUTRAL,0.0,['other']
CBE,It is better app,5,2025-03-01,POSITIVE,0.5,['other']
BOA,"I downloaded the app for the first time while reading other customers reviews and as soon as i installed and opened the app it closes back automatically, what unserious bank, now i uninstalled the app immediately",1,2025-03-03,NEUTRAL,0.041666666666666664,['other']
BOA,The App is not working on Android 9.1 at all. It shows an error notification and forcefully closes the app. Must be fixed ASAP.,1,2024-07-19,NEUTRAL,0.1,['other']
Dashen,very Nice,5,2025-05-23,POSITIVE,0.78,['other']
Dashen,its the best ever,5,2025-05-08,POSITIVE,1.0,['other']
CBE,"The app is full of bugs here and there, perhaps it's from the backend side idk. For instance the transaction history you see on top is one made a couple of months ago and you have to refresh until you reach the top. it's just so bizarre. And you can't even search for a transaction you made. Someone with a lot of transactions will find it annoying. Even simple things like localising dates to Amharic dates are now correctly implemented.",2,2025-02-25,POSITIVE,0.15833333333333333,['other']
CBE,It is good app,5,2025-02-15,POSITIVE,0.7,['other']
BOA,"Your app doesn't match your bank, the app is disaster, super slow. Please learn something from tele birr app.",1,2024-11-19,NEUTRAL,0.016666666666666635,['performance']
BOA,Nic app,5,2024-04-24,NEUTRAL,0.0,['other']
BOA,This is help full i like ittttt,5,2025-02-14,POSITIVE,0.35,['customer_service']
CBE,best app for this vast digital finanical word,5,2025-03-23,POSITIVE,0.3333333333333333,['other']
CBE,App keeps on crashing after the latest update. Failures are frequent.,3,2025-02-05,POSITIVE,0.3,['performance']
BOA,"Decent, but there problems sometimes it says error When i transfer money but infact it transferred because of this bug i transferred 2 times instead of 1 and also we can't transfer money to others telebirr acc we only can to our self BOE Dev fix this !!!",3,2025-03-11,NEUTRAL,0.08333333333333333,['transactions']
BOA,I dont recommand it to any one,1,2024-08-23,NEUTRAL,0.0,['other']
BOA,"Playstore need to have some option to give 0 stars because this application right here, deserve exactly that, imagine being one of the biggest banks In the country and can't manage to have good mobile application in the Era of mobile money, you guys are in the brink of collapse you better make it right real quick or you gonna be 10 meters down to the grave. DON'T USE THIS APP, IT'S WASTE OF TIME.",1,2024-05-21,POSITIVE,0.27073412698412697,['other']
Dashen,Amazing and user friendly supper app and looking forward the additional features,5,2025-02-14,POSITIVE,0.48750000000000004,['other']
BOA,"It's good app but the system is not same as CBE bankin mobile When i compare To these apps BOA and CBE, CBE is the best up",1,2024-05-01,POSITIVE,0.5666666666666667,['other']
BOA,Thank you,5,2025-01-10,NEUTRAL,0.0,['other']
BOA,What is the purpose or point of not allowing to take a screenshot of the recipe after transferring???,1,2024-05-29,NEUTRAL,0.0,['transactions']
CBE,"not working,why???",5,2025-05-17,NEUTRAL,0.0,['other']
BOA,I don't get why this app is developed it is not functional at all !!,1,2024-05-12,POSITIVE,0.15625,['other']
CBE,Its gopd,5,2025-03-01,NEUTRAL,0.0,['other']
Dashen,nice app especially GUI and I have got some error when you send within dashen bank the receipter is not get SMS notification,4,2025-05-03,POSITIVE,0.3,['transactions']
CBE,well app,5,2025-04-20,NEUTRAL,0.0,['other']
BOA,Why u do that hh,2,2024-04-13,NEUTRAL,0.0,['other']
Dashen,"A lightweight,catchy and smooth app",5,2025-01-15,POSITIVE,0.4,['other']
Dashen,"best ever digital banking sector essay for understanding ,smart and convince for using",5,2025-03-19,POSITIVE,0.4047619047619047,['other']
BOA,what awesome apps. it is very simple to use and more much important apps.,5,2025-03-09,POSITIVE,0.475,['other']
BOA,It is not working at all.,1,2024-04-24,NEUTRAL,0.0,['other']
CBE,"I have been using CBE App for long, but recently it has started crashing repeatedly and even my phone is reporting that the app has bugs and tells me to wait the developer to fix these bugs.",1,2025-03-09,NEUTRAL,0.025,['performance']
Dashen,Dashen Super App gives me an amazing convenience and makes life easy.,5,2025-04-21,POSITIVE,0.45555555555555555,['other']
BOA,The application is extremely slow.,1,2024-03-16,NEGATIVE,0.30000000000000004,['performance']
BOA,"thank you for your social services like, vertual banking, non touch ATM, Cadrless and withdrwal with out passbook...",5,2024-11-12,NEUTRAL,0.03333333333333333,['other']
CBE,"One of the best apps I have used ,",5,2025-03-13,POSITIVE,1.0,['other']
Dashen,all of dashen bank customers use the application it is good to use,5,2025-02-01,POSITIVE,0.7,['other']
Dashen,Fastest and easy to use,5,2025-01-22,POSITIVE,0.43333333333333335,['other']
CBE,it's special apps,5,2025-04-15,POSITIVE,0.35714285714285715,['other']
CBE,that is good,5,2025-02-03,POSITIVE,0.7,['other']
BOA,"This has to be your worst app ever, damm so many bugs and it lags so baddd. Please fix it",1,2024-04-12,NEGATIVE,0.25,['other']
BOA,Very easy to use,5,2024-09-30,POSITIVE,0.5633333333333334,['other']
Dashen,the best Supper App ever,5,2025-04-22,POSITIVE,1.0,['other']
CBE,it's good app,5,2025-04-01,POSITIVE,0.7,['other']
CBE,It is nice app!,4,2025-01-31,POSITIVE,0.75,['other']
Dashen,this is what we expect to get service Dashen Bank always like his slogan,5,2025-04-21,NEUTRAL,0.0,['other']
BOA,Very good app its easy to use,5,2024-02-15,POSITIVE,0.6716666666666666,['other']
CBE,best of bests,5,2025-03-30,POSITIVE,1.0,['other']
BOA,One of the poorest mobile banking system,1,2024-11-13,NEUTRAL,0.0,['other']
CBE,very very nice aplication,1,2025-04-08,POSITIVE,0.78,['other']
Dashen,"I tried the new Dash Bank Super App today, and it's amazingly easy and fun.I recommend you download and use it. You really like it",5,2025-02-06,POSITIVE,0.27575757575757576,['other']
Dashen,"Best UI mobile banking app, props to design team",5,2025-04-30,POSITIVE,1.0,['ui_ux']
BOA,Easy and cool app,5,2024-05-16,POSITIVE,0.39166666666666666,['other']
BOA,Sorry to say it is very poor apps I have decided to suspend the BoA account,1,2024-04-25,NEGATIVE,0.51,['other']
CBE,nice app and fast money transfer,5,2025-03-31,POSITIVE,0.4,['transactions']
CBE,The Best mobile banking app in Ethiopia. Thanks CBE,5,2025-02-03,POSITIVE,0.6,['other']
BOA,Easy and very nice app to load more than the previouse,5,2024-02-06,POSITIVE,0.5711111111111111,['other']
CBE,a good apps to save my money &withdraw my money to service,5,2025-02-13,POSITIVE,0.7,['other']
Dashen,"Fast, reliable and user friendly. Amazing chatting features. Keep it up! Always one step ahead!",5,2025-01-24,POSITIVE,0.5041666666666668,['other']
CBE,"It's a problem solver application, go ahead CBE, I love so much.",5,2025-06-02,POSITIVE,0.35,['other']
CBE,You need to copy many things from other bank apps like Amole(Dashen),2,2025-04-06,POSITIVE,0.1875,['other']
CBE,This app is more helpful and best,5,2025-01-27,POSITIVE,0.75,['other']
CBE,Good apps,5,2025-03-13,POSITIVE,0.7,['other']
CBE,Why it asks me Update repeatedly as soon as I download it !!,1,2025-03-09,NEUTRAL,0.0,['other']
BOA,The app is not showing my balance or any transaction it is like corrupted showing usd amounts,1,2024-04-13,NEUTRAL,0.0,['other']
CBE,Joyful app,5,2025-03-11,NEUTRAL,0.0,['other']
BOA,It is really make my life so much easy!,5,2024-05-12,POSITIVE,0.37083333333333335,['other']
BOA,"BOA app was one of my favourite back in the days, now I don't if there is an app worsen that this.. very very bad. You need to fix it or remove it.",1,2024-04-24,NEGATIVE,0.4549999999999999,['other']
CBE,Alert The device developer Mode is turned on. Please turn off Developer Mode from device settings and try again to use this app OK What is this ?,1,2025-01-27,POSITIVE,0.5,['other']
CBE,"The app is simply trash, the only thing that's keeping them afloat is that the woods for the other Ethiopian banks is even trashier",1,2025-01-25,NEUTRAL,0.03125,['other']
BOA,faster bank of Abissinya,5,2025-04-08,NEUTRAL,0.0,['other']
CBE,This app😎,5,2025-02-26,NEUTRAL,0.0,['other']
Dashen,making transactions has never been easier. the new update is just amazing,5,2025-04-22,POSITIVE,0.3681818181818182,['other']
Dashen,"Dear Users of the Dashen Bank Super App,I have been using the Dashen Bank Super App for a while now, and I must say—it’s truly a game-changer! The app is incredibly fast and reliable; I’ve never encountered any delays with my transactions. One feature I absolutely love is Chat Banking. It makes everyday tasks like checking my balance or transferring money as simple as sending a quick message. Also, the budgeting tool has been a huge help in tracking my spending and giving me a clearer",5,2025-04-21,POSITIVE,0.24791666666666667,"['customer_service', 'transactions']"
BOA,It was good and more secured mb app but this new version apk i can't find it on play store will you tell me what i have too do ...please,5,2024-02-19,POSITIVE,0.4454545454545455,['other']
CBE,It is simple and very accurate system,1,2025-01-24,POSITIVE,0.26000000000000006,['other']
CBE,simply for used,4,2025-04-10,NEUTRAL,0.0,['other']
Dashen,"I had a disappointing experience with Dashen Bank's Super Up service. The app is very slow and takes forever to load during transactions, which is incredibly frustrating. Additionally, it doesn't generate receipts for any transactions, making it difficult to keep track of my expenses. I also reached out to customer support, but the response time was longer than expected. Overall, I was hoping for a better experience, but I find the service lacking and in need of improvement.",2,2025-04-09,NEGATIVE,0.14458333333333334,"['performance', 'customer_service']"
BOA,Great always great!!!,5,2024-04-30,POSITIVE,0.9,['other']
Dashen,An app with High performance and advanced features!,5,2025-04-21,POSITIVE,0.33,['other']
BOA,Why is not letting me access my account. The whole point of this app is for me to gey access to my account without physically being at the bank. I would give it a zero but a one will suffice to get my point accross.,1,2024-12-27,NEUTRAL,0.1,['other']
BOA,Wow what amazing,5,2024-12-30,POSITIVE,0.35000000000000003,['other']
BOA,Very poor proformance,1,2025-03-01,NEGATIVE,0.52,['other']
BOA,Bank of abissena,1,2024-12-17,NEUTRAL,0.0,['other']
CBE,"I don't understand the reason, why I need to disable developer options to access the app, it has no security risks nor does it hinder the app's functionalities. This goes out to the dev, I hope your life is filled with inconveniences.",1,2025-04-02,POSITIVE,0.4,['other']
Dashen,Dashen bank super app is the crucial and convenient app in Ethiopia. there is no other app to compare with Dashen bank super app,5,2025-04-21,POSITIVE,0.18229166666666666,['other']
BOA,not active,1,2024-07-27,NEUTRAL,0.06666666666666667,['other']
CBE,"After the new update I'm struggling to use this app,it suddenly crush or close automatically pls fix this problem",1,2025-02-05,NEUTRAL,0.06818181818181818,['other']
Dashen,"I'm really impressed with this app! It’s user-friendly, runs smoothly, and has all the features I need. Makes my tasks so much easier and saves me a lot of time. Highly recommended!",5,2025-04-23,POSITIVE,0.44999999999999996,['other']
Dashen,"A game changer in Ethiopian digital banking fast, secure, and packed with services. Everything you need, all in one powerful app. A true leap toward financial convenience and innovation!",4,2025-04-21,POSITIVE,0.12142857142857143,['other']
BOA,"General, when I considered from other banks, this bank is unique",4,2024-04-11,POSITIVE,0.10000000000000002,['other']
CBE,"I am happy for using CBE. How ever, i am happy we can not send money to other tele birr by this app. why???",5,2025-01-24,POSITIVE,0.4916666666666667,['transactions']
BOA,Wow bank of Abyssinia great job I really like the updated version of Mobile banking specially it allows me to transfer 500000 birr,5,2024-02-23,POSITIVE,0.3642857142857143,['transactions']
BOA,Wow! Thanks BoA,5,2024-03-22,POSITIVE,0.1625,['other']
BOA,The best,5,2024-04-24,POSITIVE,1.0,['other']
BOA,Definitly better than the privious version but this one crashes frequently and needed to put to sleep on andrioid version 9,2,2024-02-20,POSITIVE,0.3,['performance']
BOA,"Dear BOA, Are you sure you are upgrading your application. It is becoming worse and worse. Please fix the bug as quickly as possible.",1,2024-05-03,NEUTRAL,0.02999999999999998,['other']
CBE,its very nice,5,2025-05-02,POSITIVE,0.78,['other']
BOA,Make it easy and convienient to use and perfect for all to high prefrence and choice.,3,2025-02-07,POSITIVE,0.5311111111111111,['other']
CBE,"Best app of the bank.But,when it needs apdate,customer must be notified in my point of view.Otherwise,customers saying ""Mobile banking is not working today"" is bad moto.",5,2025-02-10,POSITIVE,0.15000000000000008,['other']
BOA,Boa,4,2025-01-18,NEUTRAL,0.0,['other']
BOA,Error occurred try again for 5 days tele birr user not found ለራሴ አዝዤ,1,2024-07-08,NEUTRAL,0.0,['other']
CBE,It made life alot easier. I cant even imagine having to make all those transactions in person. So this app was crucial for me. Very good app. well done.,5,2025-04-03,POSITIVE,0.45499999999999996,['other']
BOA,"The application used to work well. But after updates I'm not able to use the forgot password feature, which is blocking me from accessing it as a whole.",1,2024-08-20,NEUTRAL,0.024999999999999994,['login_issues']
BOA,The Bank I always love 😘 and work with them is priceless,5,2024-04-24,POSITIVE,0.75,['other']
BOA,Is ok but stop sundenly,5,2024-07-15,POSITIVE,0.5,['other']
CBE,It is best application,5,2025-02-04,POSITIVE,1.0,['other']
CBE,"Great app, but try to include an access to water bill payment for places other than Adis Ababa & try top the app not to be inactive while developer option setting in Samsung phones is activated",4,2025-02-11,POSITIVE,0.39166666666666666,['transactions']
Dashen,To join digital world use supper app and make your life easy,5,2025-04-21,POSITIVE,0.21666666666666667,['other']
BOA,Please fix the app i doesn't belongs to Abbssinya Bank Name,1,2024-05-22,NEUTRAL,0.0,['other']
Dashen,"Dashen SuperApp is a lifesaver! Banking, shopping, and bills in one super easy app. The new e-commerce feature is awesome and supports local merchants. Fast, secure, and proudly Ethiopian.Download it now—you won’t regret it!",5,2025-04-21,POSITIVE,0.43787878787878787,['customer_service']
BOA,It always crashes,1,2024-05-02,NEUTRAL,0.0,['performance']
CBE,"I’ve been using the CBE mobile banking app, and overall, I appreciate its features. However, I’ve noticed that when I turn on the developer options on my device, the app stops functioning properly. It would be great if you could look into this issue, as I often need to access developer settings for other applications. Thank you for your attention to this matter!",1,2025-01-29,POSITIVE,0.1609375,['other']
Dashen,Wow Dashen Super App 🚀🚀,5,2025-01-14,POSITIVE,0.21666666666666667,['other']
CBE,"We need this app to work properly, and it looks like an outdated",2,2025-03-03,NEGATIVE,0.20000000000000004,['other']
BOA,liking this application good 👍,5,2025-05-07,POSITIVE,0.7,['other']
BOA,I have been using this app for two years.It is amazing.,5,2025-01-31,POSITIVE,0.6000000000000001,['other']
Dashen,Great for everyday banking and payments on the go,5,2025-04-22,POSITIVE,0.30000000000000004,['transactions']
BOA,Really Bank,5,2024-06-11,POSITIVE,0.2,['other']
BOA,FIX YOUR Apollo!! You guys where the best 👌,1,2024-07-23,POSITIVE,1.0,['other']
BOA,"It is so bad apps ,it doesn't work",1,2024-07-06,NEGATIVE,0.6999999999999998,['other']
CBE,Why is it so hard to use this app why don't you make it simple like other apps sometimes it doesn't function right,1,2025-02-22,NEUTRAL,0.03273809523809525,['other']
CBE,Biometric security for mobile banking is not available,5,2025-04-16,NEGATIVE,0.2,['other']
CBE,Tnc Cbe,5,2025-03-31,NEUTRAL,0.0,['other']
CBE,I am appreciate this app,5,2025-03-12,NEUTRAL,0.0,['other']
Dashen,Just Wow,5,2025-01-29,NEUTRAL,0.1,['other']
Dashen,It is an amazing application that meets the needs of customers.,5,2025-04-22,POSITIVE,0.6000000000000001,['other']
CBE,Simple and easy to use,5,2025-03-10,POSITIVE,0.21666666666666667,['other']
Dashen,"This is the worst mobile banking experience I’ve ever had. It doesn’t work when you need it, and it randomly updates itself without warning. You can’t make transactions whenever you want. It’s a nightmare for anyone who relies on this as their main banking option, especially those with a lot of money in their account. I’m lucky I’m not one of them, but still, it’s infuriating not being able to access your money when you need it.""l",1,2025-04-07,NEGATIVE,0.15714285714285717,['other']
BOA,If it is possible I would gove0 star,1,2024-10-08,NEUTRAL,0.0,['other']
BOA,The best app,5,2024-06-06,POSITIVE,1.0,['other']
BOA,A lot of the app's features have been rearranged but sometimes it works sometimes it doesnt...and that makes it less reliable specially at times of need...pls improve it,2,2024-04-18,NEUTRAL,0.09523809523809525,['other']
BOA,This app is going to the worest boa app ever😡 It crushes every time login.,1,2024-05-02,NEUTRAL,0.0,['login_issues']
CBE,it's a very good application but sometimes it takes a long time to synchronize,4,2025-03-23,POSITIVE,0.42999999999999994,['other']
CBE,Very good app. but disappointed by general cessation of system.,5,2025-05-02,NEUTRAL,0.06999999999999998,['other']
BOA,"Horrible, your apps are getting worse and worse",1,2024-02-16,NEGATIVE,0.6,['other']
BOA,"I never ever seen the worst commercial app like this in my life , it does not work anything , i donot know how the IT Team of the bank tested and launch the app. Its annoying !",1,2024-04-30,NEGATIVE,0.6666666666666666,['other']
Dashen,"Great job my home, my bank.",5,2025-01-16,POSITIVE,0.8,['other']
BOA,When are you going to get rid of this and have a real app that works? By far the worst mobile banking app.,1,2024-12-24,NEGATIVE,0.2333333333333333,['other']
Dashen,the worst app in the market only good ui,1,2025-03-22,NEGATIVE,0.10000000000000002,['other']
BOA,More easy and secure fast app than previous one,5,2024-02-08,POSITIVE,0.2733333333333333,['other']
BOA,I need a support the app is not working,5,2024-11-12,NEUTRAL,0.0,['customer_service']
Dashen,", Dashen Bank Supper App is multipurpose, convenient, very attractive and Make life easier",5,2025-04-21,POSITIVE,1.0,['other']
BOA,Very very good app,5,2024-04-29,POSITIVE,0.9099999999999999,['other']
CBE,Exceptional/incredible,5,2025-03-12,NEUTRAL,0.0,['other']
CBE,It is very comfortable and simple to use!!! But whay standing order is not work?,5,2025-03-13,POSITIVE,0.26,['other']
BOA,Very good app,5,2024-07-07,POSITIVE,0.9099999999999999,['other']
Dashen,This app doesn't work on my phone my phone is Samsung Galaxy s7 android version 9 All other financial apps work like telebirr CBE M_pesa...,1,2025-02-14,NEUTRAL,0.0625,['other']
BOA,considering the fact the bank is huge this app really bad you could do better,1,2025-03-25,NEUTRAL,0.06666666666666675,['other']
BOA,Worst app ever,1,2024-05-16,NEGATIVE,1.0,['other']
CBE,It is good but why screenshot is forbidden,4,2025-03-20,POSITIVE,0.7,['other']
CBE,Friendly mobile banking application,5,2025-02-27,POSITIVE,0.375,['other']
CBE,The best app,5,2025-02-22,POSITIVE,1.0,['other']
Dashen,"It is a very wonderful work that has saved its time. That is why it is ""Always one step ahead!""",5,2025-01-17,POSITIVE,1.0,['other']
CBE,"Please kindly ask to update the app and allow us to screenshot, it's convenient and efficient as long as you add security to the access there is no reason to block us from screenshooting our screen.",2,2025-05-14,POSITIVE,0.27499999999999997,['other']
CBE,"It used to work properly, but not anymore. I used to use the app from abroad; but these days, it kept saying ""unable to connect"" when I tried to check my balance and do transactions.",1,2025-02-07,NEGATIVE,0.25,['other']
Dashen,"Excellent and user friendly App. Excellence is what makes you always one step ahead. Dashen Bank, Always One Step Ahead !!",5,2025-01-16,POSITIVE,0.79296875,['other']
Dashen,I wish dark mode feature is add as an option but it's good app,5,2025-02-27,POSITIVE,0.27499999999999997,['other']
BOA,The worst mobile banking app,1,2024-07-11,NEGATIVE,1.0,['other']
Dashen,"there is nothing super about this app, repeatedly failed transaction and wastes customer valuable time. if you have to do system upgrade do it at a time when there is less traffic demand. your Technical difficulty should not be reflected on customer.",2,2025-04-24,NEGATIVE,0.10666666666666666,['other']
BOA,Frequently crashing fix it please,1,2024-05-01,NEUTRAL,0.1,['performance']
BOA,This app is very wonderful,5,2024-04-24,POSITIVE,1.0,['other']
BOA,Good app boa,5,2024-06-06,POSITIVE,0.7,['other']
BOA,So this updated version is so much better and faster but it doesn't open unless it's directly opened from play store. fix this issue I'd give it 5 if it wasn't for this,3,2024-02-16,POSITIVE,0.19999999999999998,['other']
Dashen,"Dashen Super App isn’t just an app — it’s an experience. Effortless, powerful, and built for the future",5,2025-04-21,POSITIVE,0.2111111111111111,['other']
CBE,Simple and efficient,5,2025-02-25,NEUTRAL,0.0,['other']
CBE,It used to be the best bank app in Ethiopia. But now using it is a terrible experience. For every transaction it shows an error message. Making a simple payment requires 5 to 6 trials to complete.,1,2025-01-31,NEUTRAL,0.025,['transactions']
BOA,The worest MB app ever!!🙄,1,2024-09-02,NEUTRAL,0.0,['other']
BOA,"When we come to use mobile banking app this app is the WOREST one. Who made this app? Why? im almost forget to use it While the app right infront to my phone. I preffered to go branch office rather than to use it. Let alone for transaction or other service for simple purpose to check my balance i used to call for the bank 'call center' rather than to open for this difficult app. It need high speed internet service, it stop service for simple interuption of the network, after transfer the 1/2",1,2024-02-13,NEUTRAL,0.03491071428571428,['transactions']
Dashen,"A truly impressive app — user-friendly and a game-changer in Ethiopian banking. The Dashen Super App stands out as one of the most innovative and convenient digital banking solutions in Ethiopia’s financial history. Smooth navigation, seamless features, and a wide range of services all in one place. Well done!",5,2025-04-21,POSITIVE,0.3009259259259259,['other']
Dashen,"Fast, Reliable and User Friendly. Keep it Up",5,2025-04-22,POSITIVE,0.2875,['other']
BOA,The app is not good need a few work,3,2024-06-11,NEGATIVE,0.275,['other']
BOA,"What's up I can't log in, what's wrong",5,2024-10-22,NEGATIVE,0.5,['other']
Dashen,Wonderful Application 😍,5,2025-02-05,POSITIVE,1.0,['other']
Dashen,"This app is not supporting smart phones that have old android version and so it is none inclusive. At the same time the amole lite is not working properly and once you reached to maximum otp trail mistakes due to network or other errors like stacks , you will be tied up to make Transactions. Ohh... tired!!!!!",1,2025-03-19,NEGATIVE,0.13258928571428572,['customer_service']
BOA,"this app, for me , is a waste of time. It doesn't work . I can't even long in, and it really piss me off. FIX THE PROBLEM",1,2025-05-27,NEUTRAL,0.016666666666666663,['other']
Dashen,Always one step a head!,5,2025-01-15,NEUTRAL,0.0,['other']
CBE,"Smart and easy to use, i like this app",5,2025-02-08,POSITIVE,0.3238095238095238,['other']
CBE,"BEST APP EVER,BUT WHEN CBE BE INTEGRATED WITH INTERNATIONAL TRANSFER",5,2025-01-28,POSITIVE,0.5,['transactions']
BOA,Please focus on the functionality of the app instead of spending money on the advertisements.,1,2024-05-01,NEUTRAL,0.0,['other']
BOA,በጣም የሚያስጠላ አፕ በጣም የወረደ ዜሮ ነው የምሰጠው ዘሮ It's not App it's very slow ehhhh. Why don't you upgrade the app???? It's always zero,1,2025-01-18,NEGATIVE,0.39000000000000007,['performance']
CBE,Vary good,5,2025-02-27,POSITIVE,0.7,['other']
CBE,best appearance,5,2025-04-27,POSITIVE,1.0,['other']
CBE,It is exlent app it is helful,5,2025-02-28,NEUTRAL,0.0,['other']
BOA,To FCC,5,2024-02-05,NEUTRAL,0.0,['other']
CBE,wow simple life,5,2025-05-04,NEUTRAL,0.05,['other']
CBE,Can't scan/recognize other banks' Interoperable QR Codes,1,2025-04-13,NEGATIVE,0.125,['other']
BOA,this app not work why?pleas tell me,2,2024-05-04,NEUTRAL,0.0,['other']
CBE,this app has developed in a very good ways but there are some comments I need to make 1- preventing the screenshot likely not good for someone like me coz I need to make screenshot for quicker evidence. 2-it would be good if you make us to access recent transaction histories for 30 days coz we don't have to go to the Bank's in person to see old transactions or add colander category so user can easily access old transactions through colanders.,5,2025-05-31,POSITIVE,0.2214814814814815,['other']
BOA,It's useless app downgraded.,1,2024-12-29,NEGATIVE,0.5,['other']
CBE,It is veary useful app but screen shout was impossible .solve this problem,5,2025-04-01,NEGATIVE,0.18333333333333332,['other']
Dashen,slow cumbersome,3,2025-04-08,NEGATIVE,0.30000000000000004,['performance']
Dashen,it's very disappointing fix it as soon as possible not expected from dashin bank fix it,1,2025-04-04,NEGATIVE,0.24333333333333332,['other']
CBE,"Not Good, too lame to use",1,2025-03-21,NEGATIVE,0.425,['other']
BOA,Keeps crashing everytime what a disaster,1,2024-05-01,NEUTRAL,0.0,['performance']
Dashen,no working for me hulum information asgebiche continue or accept yemilew button ayeseram my phone is Samsung A51,1,2025-04-21,NEUTRAL,0.0,['other']
BOA,"Such a junk application, its not working at all. Waste of time",1,2024-04-30,NEUTRAL,0.1,['other']
Dashen,"Dashen Bank Super App is a game-changer! The user-friendly design, wide range of services, and smooth performance make it incredibly convenient for everyday banking. It’s fast, secure, and truly reflects the bank’s commitment to digital excellence. Highly recommended!",5,2025-04-21,POSITIVE,0.24629629629629632,['ui_ux']
BOA,Really work very good app l like you BoA,5,2024-04-26,POSITIVE,0.5549999999999999,['other']
CBE,I am students of accounting and finance when i graduate i wish to do in CBE thanks,5,2025-01-23,POSITIVE,0.2,['other']
CBE,It is a user friendly excellent app.,5,2025-02-26,POSITIVE,0.6875,['other']
CBE,"Too much commission and service charges, not fair at all this is stealing",1,2025-02-21,NEUTRAL,0.07499999999999998,['other']
CBE,but this app says can't sync,5,2025-04-09,NEUTRAL,0.0,['other']
CBE,It's easy and good,5,2025-02-13,POSITIVE,0.5666666666666667,['other']
CBE,Unstatisfied with the new update keeps crashing every now and then and even though i haven't reached the max txn per day still refuses to transfer...probably going to change my bank if it's not fixed asap,1,2025-03-10,NEUTRAL,0.043181818181818175,"['performance', 'transactions']"
Dashen,"It is very slow and it lacks many features to be a super app. High rating is given by their employees, not by the customers.",1,2025-04-25,POSITIVE,0.15083333333333332,['performance']
BOA,Wonderfull app,5,2025-03-08,NEUTRAL,0.0,['other']
CBE,wonder full and it is easy to use,5,2025-04-08,POSITIVE,0.39166666666666666,['other']
